Employee ID,Week Start,Weekly Hours,OT Hours,,,,
10031,03/06/2024,30.98333333,0,,,,
10031,10/06/2024,32.13333333,0,,,,
10031,17/06/2024,36.38333333,0,,,,
10031,24/06/2024,31.15,0,,,,
10031,01/07/2024,32.08333333,0,,,,
10031,08/07/2024,31.4,0,,,,
10031,15/07/2024,32.03333333,0,,,,
10031,22/07/2024,32.23333333,0,,,,
10031,29/07/2024,31.48333333,0,,,,
10031,05/08/2024,31.81666667,0,,,,
10031,12/08/2024,31.21666667,0,,,,
10031,19/08/2024,31.46666667,0,,,,
10031,26/08/2024,35.6,0,,,,
10031,02/09/2024,28.8,0,,,,
10031,09/09/2024,34.58333333,0.35,,,,
10031,16/09/2024,30.73333333,0,,,,
10031,23/09/2024,31.36666667,0,,,,
10031,30/09/2024,30.98333333,0,,,,
10031,07/10/2024,30.98333333,0,,,,
10031,14/10/2024,31.63333333,0,,,,
10031,21/10/2024,33.51666667,0,,,,
10031,28/10/2024,31.63333333,0,,,,
10031,04/11/2024,31.51666667,0,,,,
10031,11/11/2024,31.71666667,0,,,,
10031,18/11/2024,28.78333333,0,,,,
10031,25/11/2024,34.18333333,0,,,,
10031,02/12/2024,29.78333333,0,,,,
10031,09/12/2024,32.25,0,,,,
10031,16/12/2024,32.58333333,0,,,,
10031,23/12/2024,34.75,1.683333333,,,,
10031,30/12/2024,11.2,0,,,,
10030,03/06/2024,33.81666667,0,,,,
10030,10/06/2024,33.68333333,0,,,,
10030,17/06/2024,29.35,0,,,,
10030,24/06/2024,31.2,0,,,,
10030,01/07/2024,30.88333333,0,,,,
10030,08/07/2024,30.13333333,0,,,,
10030,15/07/2024,29.53333333,0,,,,
10030,22/07/2024,31.3,0,,,,
10030,29/07/2024,33.18333333,0,,,,
10030,05/08/2024,32.35,0,,,,
10030,12/08/2024,32.31666667,0,,,,
10030,19/08/2024,33.95,1.8,,,,
10030,26/08/2024,30.1,0,,,,
10030,02/09/2024,32.18333333,0,,,,
10030,09/09/2024,33.88333333,0,,,,
10030,16/09/2024,31.7,0,,,,
10030,23/09/2024,33.66666667,0.016666667,,,,
10030,30/09/2024,29.18333333,0,,,,
10030,07/10/2024,33.51666667,1,,,,
10030,14/10/2024,34.13333333,0,,,,
10030,21/10/2024,29.75,0,,,,
10030,28/10/2024,30.55,0,,,,
10030,04/11/2024,34.78333333,1.8,,,,
10030,11/11/2024,32.55,0,,,,
10030,18/11/2024,30.4,0,,,,
10030,25/11/2024,34.5,0,,,,
10030,02/12/2024,31.75,0,,,,
10030,09/12/2024,34.01666667,0,,,,
10030,16/12/2024,31.33333333,0,,,,
10030,23/12/2024,32.86666667,0.283333333,,,,
10030,30/12/2024,11.76666667,0,,,,
10019,03/06/2024,33.6,1.166666667,,,,
10019,10/06/2024,31.63333333,0,,,,
10019,17/06/2024,28.71666667,0,,,,
10019,24/06/2024,30.56666667,0,,,,
10019,01/07/2024,33.08333333,0,,,,
10019,08/07/2024,31.75,0,,,,
10019,15/07/2024,34.03333333,0,,,,
10019,22/07/2024,29.98333333,0,,,,
10019,29/07/2024,30.86666667,0,,,,
10019,05/08/2024,30.55,0,,,,
10019,12/08/2024,32.05,0,,,,
10019,19/08/2024,32.45,0,,,,
10019,26/08/2024,34.4,0,,,,
10019,02/09/2024,33.96666667,0,,,,
10019,09/09/2024,31.15,0,,,,
10019,16/09/2024,31.68333333,0,,,,
10019,23/09/2024,32.53333333,0,,,,
10019,30/09/2024,27.75,0,,,,
10019,07/10/2024,27.73333333,0,,,,
10019,14/10/2024,30.3,0.2,,,,
10019,21/10/2024,31.43333333,0,,,,
10019,28/10/2024,30.45,0,,,,
10019,04/11/2024,33.01666667,0,,,,
10019,11/11/2024,30.95,0,,,,
10019,18/11/2024,28.91666667,0,,,,
10019,25/11/2024,31.93333333,0,,,,
10019,02/12/2024,31.88333333,1.516666667,,,,
10019,09/12/2024,32.6,0,,,,
10019,16/12/2024,31.91666667,0,,,,
10019,23/12/2024,31.83333333,0.35,,,,
10019,30/12/2024,14.41666667,1.833333333,,,,
10018,03/06/2024,32.7,0,,,,
10018,10/06/2024,31.43333333,0.75,,,,
10018,17/06/2024,30.5,0,,,,
10018,24/06/2024,29.5,0,,,,
10018,01/07/2024,33.53333333,0,,,,
10018,08/07/2024,32.95,1,,,,
10018,15/07/2024,32.2,1.933333333,,,,
10018,22/07/2024,32.41666667,0,,,,
10018,29/07/2024,34.96666667,0,,,,
10018,05/08/2024,34.68333333,0,,,,
10018,12/08/2024,30.05,0,,,,
10018,19/08/2024,35.43333333,1.7,,,,
10018,26/08/2024,33.95,0,,,,
10018,02/09/2024,32.08333333,0,,,,
10018,09/09/2024,32.03333333,0,,,,
10018,16/09/2024,32.68333333,0,,,,
10018,23/09/2024,33.86666667,0,,,,
10018,30/09/2024,30.46666667,0,,,,
10018,07/10/2024,31.18333333,0,,,,
10018,14/10/2024,32.11666667,0,,,,
10018,21/10/2024,31.86666667,0,,,,
10018,28/10/2024,33.6,0,,,,
10018,04/11/2024,31.56666667,0,,,,
10018,11/11/2024,32.68333333,0,,,,
10018,18/11/2024,30.58333333,0,,,,
10018,25/11/2024,28.4,0,,,,
10018,02/12/2024,30.6,0,,,,
10018,09/12/2024,32.7,0,,,,
10018,16/12/2024,28.93333333,0,,,,
10018,23/12/2024,29.25,0,,,,
10018,30/12/2024,12.93333333,0,,,,
10011,03/06/2024,31.46666667,1.4,,,,
10011,10/06/2024,34.38333333,0.2,,,,
10011,17/06/2024,28.65,0,,,,
10011,24/06/2024,32.26666667,0,,,,
10011,01/07/2024,31.61666667,1.8,,,,
10011,08/07/2024,36.03333333,0,,,,
10011,15/07/2024,31.96666667,0,,,,
10011,22/07/2024,30.5,0,,,,
10011,29/07/2024,31.33333333,0.2,,,,
10011,05/08/2024,31.35,0,,,,
10011,12/08/2024,31.93333333,0,,,,
10011,19/08/2024,30.3,0,,,,
10011,26/08/2024,33.51666667,0,,,,
10011,02/09/2024,32.7,0,,,,
10011,09/09/2024,30.33333333,0,,,,
10011,16/09/2024,30.8,0,,,,
10011,23/09/2024,28.95,0,,,,
10011,30/09/2024,28.58333333,0,,,,
10011,07/10/2024,30.98333333,1.216666667,,,,
10011,14/10/2024,31.33333333,0,,,,
10011,21/10/2024,33.4,1.316666667,,,,
10011,28/10/2024,33.83333333,0,,,,
10011,04/11/2024,32.05,0,,,,
10011,11/11/2024,33.06666667,0,,,,
10011,18/11/2024,30.1,0,,,,
10011,25/11/2024,33.78333333,0.95,,,,
10011,02/12/2024,29.61666667,0,,,,
10011,09/12/2024,33.41666667,0,,,,
10011,16/12/2024,33.45,1.583333333,,,,
10011,23/12/2024,33.1,0.033333333,,,,
10011,30/12/2024,11.18333333,0,,,,
10033,03/06/2024,28.9,0,,,,
10033,10/06/2024,33.51666667,0,,,,
10033,17/06/2024,35,0,,,,
10033,24/06/2024,31.51666667,0,,,,
10033,01/07/2024,28.96666667,0,,,,
10033,08/07/2024,35.01666667,0.633333333,,,,
10033,15/07/2024,33.43333333,0,,,,
10033,22/07/2024,34.55,0,,,,
10033,29/07/2024,35.13333333,0,,,,
10033,05/08/2024,33.48333333,0,,,,
10033,12/08/2024,36.6,0.366666667,,,,
10033,19/08/2024,30.6,0,,,,
10033,26/08/2024,31.56666667,0,,,,
10033,02/09/2024,32.75,1.75,,,,
10033,09/09/2024,28.2,0,,,,
10033,16/09/2024,30.91666667,0,,,,
10033,23/09/2024,29.35,0,,,,
10033,30/09/2024,32.88333333,0,,,,
10033,07/10/2024,29.81666667,0,,,,
10033,14/10/2024,31.81666667,0,,,,
10033,21/10/2024,31,0,,,,
10033,28/10/2024,33.65,0,,,,
10033,04/11/2024,32.4,0,,,,
10033,11/11/2024,31.3,0,,,,
10033,18/11/2024,31.45,0,,,,
10033,25/11/2024,31.91666667,1.983333333,,,,
10033,02/12/2024,30.58333333,0,,,,
10033,09/12/2024,32.86666667,0,,,,
10033,16/12/2024,33.28333333,0,,,,
10033,23/12/2024,33.63333333,0,,,,
10033,30/12/2024,14.6,0,,,,
10010,03/06/2024,32.18333333,1.6,,,,
10010,10/06/2024,28,0,,,,
10010,17/06/2024,30.1,0,,,,
10010,24/06/2024,31.03333333,0,,,,
10010,01/07/2024,32.2,0,,,,
10010,08/07/2024,31.26666667,0,,,,
10010,15/07/2024,32.21666667,0,,,,
10010,22/07/2024,31.36666667,0,,,,
10010,29/07/2024,30.61666667,0,,,,
10010,05/08/2024,34.43333333,1.95,,,,
10010,12/08/2024,30.81666667,0.75,,,,
10010,19/08/2024,31.7,0,,,,
10010,26/08/2024,34.86666667,0,,,,
10010,02/09/2024,33.13333333,0,,,,
10010,09/09/2024,29.46666667,0,,,,
10010,16/09/2024,29.98333333,0,,,,
10010,23/09/2024,32.36666667,0,,,,
10010,30/09/2024,31.81666667,0,,,,
10010,07/10/2024,30.66666667,0,,,,
10010,14/10/2024,31.2,0,,,,
10010,21/10/2024,33.46666667,0,,,,
10010,28/10/2024,34.58333333,0,,,,
10010,04/11/2024,32.4,0,,,,
10010,11/11/2024,30.48333333,0,,,,
10010,18/11/2024,33.81666667,0,,,,
10010,25/11/2024,30.01666667,0,,,,
10010,02/12/2024,37.1,0,,,,
10010,09/12/2024,31.16666667,0,,,,
10010,16/12/2024,31,0,,,,
10010,23/12/2024,35.1,0,,,,
10010,30/12/2024,14.08333333,1.933333333,,,,
10032,03/06/2024,32.26666667,0,,,,
10032,10/06/2024,31.66666667,0,,,,
10032,17/06/2024,30.13333333,0,,,,
10032,24/06/2024,31.36666667,0,,,,
10032,01/07/2024,31.03333333,0,,,,
10032,08/07/2024,32.18333333,0,,,,
10032,15/07/2024,34.51666667,0,,,,
10032,22/07/2024,30.41666667,0,,,,
10032,29/07/2024,33.56666667,0,,,,
10032,05/08/2024,30.21666667,0,,,,
10032,12/08/2024,33.18333333,0,,,,
10032,19/08/2024,34.9,0.083333333,,,,
10032,26/08/2024,34.7,0,,,,
10032,02/09/2024,31.81666667,0,,,,
10032,09/09/2024,31.68333333,0,,,,
10032,16/09/2024,29.9,0,,,,
10032,23/09/2024,35.55,0.333333333,,,,
10032,30/09/2024,33.1,0,,,,
10032,07/10/2024,31.46666667,0,,,,
10032,14/10/2024,36.1,0,,,,
10032,21/10/2024,34.75,0,,,,
10032,28/10/2024,30.5,0,,,,
10032,04/11/2024,31.31666667,0,,,,
10032,11/11/2024,31,0,,,,
10032,18/11/2024,31.05,0,,,,
10032,25/11/2024,31.56666667,0,,,,
10032,02/12/2024,31.21666667,0,,,,
10032,09/12/2024,31.55,0.2,,,,
10032,16/12/2024,30.76666667,0,,,,
10032,23/12/2024,31.46666667,1.933333333,,,,
10032,30/12/2024,12.96666667,0,,,,
10013,03/06/2024,32.08333333,0,,,,
10013,10/06/2024,34.21666667,0,,,,
10013,17/06/2024,31.86666667,0,,,,
10013,24/06/2024,33.33333333,0,,,,
10013,01/07/2024,32.78333333,0,,,,
10013,08/07/2024,35.95,1.916666667,,,,
10013,15/07/2024,34.21666667,1.816666667,,,,
10013,22/07/2024,32.68333333,0,,,,
10013,29/07/2024,28.4,0,,,,
10013,05/08/2024,32.68333333,0,,,,
10013,12/08/2024,32.68333333,0,,,,
10013,19/08/2024,31.68333333,0,,,,
10013,26/08/2024,31.15,0,,,,
10013,02/09/2024,32.53333333,0,,,,
10013,09/09/2024,32.6,0,,,,
10013,16/09/2024,30.01666667,0,,,,
10013,23/09/2024,31.86666667,1.15,,,,
10013,30/09/2024,31.25,0,,,,
10013,07/10/2024,33.28333333,0,,,,
10013,14/10/2024,30.96666667,0.2,,,,
10013,21/10/2024,32.26666667,0,,,,
10013,28/10/2024,31.33333333,0,,,,
10013,04/11/2024,32.96666667,0,,,,
10013,11/11/2024,31.13333333,0,,,,
10013,18/11/2024,31.45,0,,,,
10013,25/11/2024,30.61666667,0,,,,
10013,02/12/2024,35.5,0,,,,
10013,09/12/2024,31.98333333,0,,,,
10013,16/12/2024,29.36666667,0,,,,
10013,23/12/2024,32.71666667,0,,,,
10013,30/12/2024,14.66666667,0,,,,
10012,03/06/2024,32.16666667,0,,,,
10012,10/06/2024,31.5,0,,,,
10012,17/06/2024,31.53333333,0,,,,
10012,24/06/2024,30.9,0,,,,
10012,01/07/2024,30.26666667,0,,,,
10012,08/07/2024,31.96666667,0,,,,
10012,15/07/2024,30.8,0,,,,
10012,22/07/2024,30.26666667,0,,,,
10012,29/07/2024,33.08333333,0,,,,
10012,05/08/2024,29.3,0,,,,
10012,12/08/2024,35.33333333,0,,,,
10012,19/08/2024,31.31666667,0,,,,
10012,26/08/2024,32.76666667,0.183333333,,,,
10012,02/09/2024,31.98333333,0,,,,
10012,09/09/2024,31.85,0,,,,
10012,16/09/2024,32.3,0,,,,
10012,23/09/2024,29.35,0,,,,
10012,30/09/2024,29.53333333,0,,,,
10012,07/10/2024,31.66666667,0,,,,
10012,14/10/2024,30.48333333,0,,,,
10012,21/10/2024,33.58333333,0,,,,
10012,28/10/2024,30.23333333,0,,,,
10012,04/11/2024,32.65,0,,,,
10012,11/11/2024,29.28333333,0,,,,
10012,18/11/2024,29.28333333,0,,,,
10012,25/11/2024,30.16666667,0,,,,
10012,02/12/2024,33.16666667,0.8,,,,
10012,09/12/2024,33.66666667,0,,,,
10012,16/12/2024,30.63333333,0,,,,
10012,23/12/2024,33.1,0,,,,
10012,30/12/2024,11.85,0,,,,
10034,03/06/2024,29.25,0,,,,
10034,10/06/2024,33,0.466666667,,,,
10034,17/06/2024,29.95,0,,,,
10034,24/06/2024,33.73333333,0,,,,
10034,01/07/2024,30.53333333,0,,,,
10034,08/07/2024,32.01666667,0,,,,
10034,15/07/2024,33.71666667,1.183333333,,,,
10034,22/07/2024,29.31666667,0,,,,
10034,29/07/2024,33.78333333,0,,,,
10034,05/08/2024,31.96666667,0,,,,
10034,12/08/2024,32.68333333,0,,,,
10034,19/08/2024,31.9,0,,,,
10034,26/08/2024,29.81666667,0,,,,
10034,02/09/2024,33.31666667,0,,,,
10034,09/09/2024,30.85,0,,,,
10034,16/09/2024,32.21666667,0,,,,
10034,23/09/2024,33.01666667,0,,,,
10034,30/09/2024,29.85,0,,,,
10034,07/10/2024,33.9,0,,,,
10034,14/10/2024,33.48333333,0,,,,
10034,21/10/2024,33.9,0,,,,
10034,28/10/2024,31.56666667,0,,,,
10034,04/11/2024,31.7,0,,,,
10034,11/11/2024,30.2,0,,,,
10034,18/11/2024,33.76666667,0,,,,
10034,25/11/2024,31.21666667,0,,,,
10034,02/12/2024,33.81666667,0,,,,
10034,09/12/2024,31.71666667,0,,,,
10034,16/12/2024,30.8,0,,,,
10034,23/12/2024,30.88333333,0,,,,
10034,30/12/2024,14.36666667,0,,,,
10015,03/06/2024,34.5,0.1,,,,
10015,10/06/2024,33.58333333,0,,,,
10015,17/06/2024,32.61666667,0,,,,
10015,24/06/2024,29.56666667,0,,,,
10015,01/07/2024,32.21666667,0,,,,
10015,08/07/2024,29.71666667,0,,,,
10015,15/07/2024,32.03333333,1.933333333,,,,
10015,22/07/2024,32.53333333,0,,,,
10015,29/07/2024,28.88333333,0,,,,
10015,05/08/2024,31.31666667,0,,,,
10015,12/08/2024,31.36666667,0,,,,
10015,19/08/2024,28.71666667,0,,,,
10015,26/08/2024,29.31666667,0,,,,
10015,02/09/2024,31.2,0,,,,
10015,09/09/2024,34.4,0,,,,
10015,16/09/2024,33.53333333,0,,,,
10015,23/09/2024,33.2,0,,,,
10015,30/09/2024,33.15,0,,,,
10015,07/10/2024,33.4,0,,,,
10015,14/10/2024,29.91666667,0,,,,
10015,21/10/2024,32.55,1.066666667,,,,
10015,28/10/2024,31.06666667,0,,,,
10015,04/11/2024,34.71666667,0.233333333,,,,
10015,11/11/2024,31.5,0,,,,
10015,18/11/2024,29.6,0,,,,
10015,25/11/2024,31.31666667,0,,,,
10015,02/12/2024,29.88333333,0,,,,
10015,09/12/2024,32.46666667,0,,,,
10015,16/12/2024,31.71666667,0.233333333,,,,
10015,23/12/2024,34.83333333,0.333333333,,,,
10015,30/12/2024,11.2,0,,,,
10014,03/06/2024,34.96666667,0,,,,
10014,10/06/2024,28.76666667,0,,,,
10014,17/06/2024,31.15,0,,,,
10014,24/06/2024,30.45,0,,,,
10014,01/07/2024,32.05,0,,,,
10014,08/07/2024,28.35,0,,,,
10014,15/07/2024,29.95,0,,,,
10014,22/07/2024,36.21666667,0.983333333,,,,
10014,29/07/2024,29.31666667,0,,,,
10014,05/08/2024,31.46666667,0,,,,
10014,12/08/2024,32.83333333,0,,,,
10014,19/08/2024,31.81666667,0,,,,
10014,26/08/2024,33.53333333,0,,,,
10014,02/09/2024,33.31666667,0.466666667,,,,
10014,09/09/2024,33.06666667,0.25,,,,
10014,16/09/2024,26.08333333,0,,,,
10014,23/09/2024,32.3,0,,,,
10014,30/09/2024,32.25,0,,,,
10014,07/10/2024,34.68333333,1.533333333,,,,
10014,14/10/2024,32.5,0,,,,
10014,21/10/2024,31.31666667,0,,,,
10014,28/10/2024,31.71666667,0,,,,
10014,04/11/2024,29.3,0,,,,
10014,11/11/2024,33.01666667,0,,,,
10014,18/11/2024,32.86666667,0,,,,
10014,25/11/2024,28.36666667,0,,,,
10014,02/12/2024,28.56666667,0,,,,
10014,09/12/2024,32.78333333,1.95,,,,
10014,16/12/2024,32.81666667,0,,,,
10014,23/12/2024,35.65,0,,,,
10014,30/12/2024,15.03333333,0,,,,
10017,03/06/2024,33.13333333,0.1,,,,
10017,10/06/2024,31.88333333,0,,,,
10017,17/06/2024,31.66666667,0,,,,
10017,24/06/2024,35.6,0,,,,
10017,01/07/2024,34.48333333,1,,,,
10017,08/07/2024,33.43333333,0,,,,
10017,15/07/2024,34.33333333,0,,,,
10017,22/07/2024,33.03333333,0,,,,
10017,29/07/2024,32.78333333,0,,,,
10017,05/08/2024,33.91666667,0,,,,
10017,12/08/2024,35.93333333,1.416666667,,,,
10017,19/08/2024,32.8,0,,,,
10017,26/08/2024,33.16666667,1.75,,,,
10017,02/09/2024,33.56666667,0,,,,
10017,09/09/2024,34.83333333,0,,,,
10017,16/09/2024,31.9,0,,,,
10017,23/09/2024,30.11666667,0,,,,
10017,30/09/2024,34.43333333,0,,,,
10017,07/10/2024,30.93333333,0,,,,
10017,14/10/2024,27.36666667,0,,,,
10017,21/10/2024,30.35,0,,,,
10017,28/10/2024,27.21666667,0,,,,
10017,04/11/2024,36.01666667,0.416666667,,,,
10017,11/11/2024,33.4,0,,,,
10017,18/11/2024,28.91666667,0,,,,
10017,25/11/2024,31.31666667,0,,,,
10017,02/12/2024,30.93333333,0,,,,
10017,09/12/2024,33.35,0,,,,
10017,16/12/2024,31.36666667,0,,,,
10017,23/12/2024,30.21666667,0,,,,
10017,30/12/2024,14.05,0,,,,
10016,03/06/2024,32.31666667,0,,,,
10016,10/06/2024,31.6,0,,,,
10016,17/06/2024,34.36666667,1.033333333,,,,
10016,24/06/2024,34.06666667,1.6,,,,
10016,01/07/2024,28.48333333,0,,,,
10016,08/07/2024,31.93333333,0,,,,
10016,15/07/2024,30.8,0,,,,
10016,22/07/2024,33.63333333,0,,,,
10016,29/07/2024,31.25,0,,,,
10016,05/08/2024,30.1,0,,,,
10016,12/08/2024,32.71666667,0,,,,
10016,19/08/2024,32.33333333,0.216666667,,,,
10016,26/08/2024,34.96666667,1.666666667,,,,
10016,02/09/2024,34.61666667,0,,,,
10016,09/09/2024,32.35,0,,,,
10016,16/09/2024,30,0,,,,
10016,23/09/2024,30.21666667,0,,,,
10016,30/09/2024,33.2,0,,,,
10016,07/10/2024,32.35,0,,,,
10016,14/10/2024,34.95,0.383333333,,,,
10016,21/10/2024,29.98333333,0,,,,
10016,28/10/2024,32.66666667,0,,,,
10016,04/11/2024,32.13333333,0,,,,
10016,11/11/2024,30.6,0,,,,
10016,18/11/2024,29.4,0,,,,
10016,25/11/2024,31.86666667,0,,,,
10016,02/12/2024,29.75,0,,,,
10016,09/12/2024,30.95,0,,,,
10016,16/12/2024,33.03333333,0,,,,
10016,23/12/2024,29.75,0,,,,
10016,30/12/2024,12.08333333,0,,,,
10020,03/06/2024,33.48333333,0,,,,
10020,10/06/2024,31.55,0,,,,
10020,17/06/2024,32.43333333,1.516666667,,,,
10020,24/06/2024,30.71666667,0,,,,
10020,01/07/2024,31.66666667,0,,,,
10020,08/07/2024,30.76666667,0,,,,
10020,15/07/2024,29.08333333,0,,,,
10020,22/07/2024,30.5,0,,,,
10020,29/07/2024,30.53333333,0,,,,
10020,05/08/2024,31.96666667,0,,,,
10020,12/08/2024,32.06666667,0,,,,
10020,19/08/2024,31.5,0,,,,
10020,26/08/2024,30.61666667,0,,,,
10020,02/09/2024,31.11666667,0,,,,
10020,09/09/2024,33.75,1.983333333,,,,
10020,16/09/2024,33,0,,,,
10020,23/09/2024,31.18333333,0,,,,
10020,30/09/2024,32.1,0,,,,
10020,07/10/2024,33.31666667,0,,,,
10020,14/10/2024,30.83333333,0,,,,
10020,21/10/2024,30.31666667,0,,,,
10020,28/10/2024,31.88333333,0,,,,
10020,04/11/2024,33.58333333,0,,,,
10020,11/11/2024,34.08333333,0,,,,
10020,18/11/2024,31.36666667,0,,,,
10020,25/11/2024,33.25,0,,,,
10020,02/12/2024,30.46666667,0,,,,
10020,09/12/2024,31.46666667,0,,,,
10020,16/12/2024,31.48333333,0,,,,
10020,23/12/2024,34.73333333,0.15,,,,
10020,30/12/2024,11.16666667,0,,,,
10008,03/06/2024,32.15,0,,,,
10008,10/06/2024,33.93333333,0.766666667,,,,
10008,17/06/2024,31.28333333,0,,,,
10008,24/06/2024,30.4,0,,,,
10008,01/07/2024,34.66666667,0.883333333,,,,
10008,08/07/2024,32.9,0,,,,
10008,15/07/2024,31.43333333,0,,,,
10008,22/07/2024,33.73333333,0,,,,
10008,29/07/2024,31.13333333,0,,,,
10008,05/08/2024,29.06666667,0,,,,
10008,12/08/2024,34.41666667,0,,,,
10008,19/08/2024,30.7,0,,,,
10008,26/08/2024,30.53333333,0,,,,
10008,02/09/2024,32.8,0,,,,
10008,09/09/2024,35.38333333,0,,,,
10008,16/09/2024,33.96666667,0,,,,
10008,23/09/2024,32.86666667,0,,,,
10008,30/09/2024,36.03333333,0.15,,,,
10008,07/10/2024,32.68333333,0,,,,
10008,14/10/2024,34.65,0,,,,
10008,21/10/2024,29.71666667,0,,,,
10008,28/10/2024,32.25,0,,,,
10008,04/11/2024,32.88333333,0,,,,
10008,11/11/2024,30,0,,,,
10008,18/11/2024,33.05,0,,,,
10008,25/11/2024,32.85,0,,,,
10008,02/12/2024,30.23333333,0,,,,
10008,09/12/2024,33.13333333,0,,,,
10008,16/12/2024,33.2,0,,,,
10008,23/12/2024,27.61666667,0,,,,
10008,30/12/2024,12.28333333,0,,,,
10007,03/06/2024,31.11666667,0,,,,
10007,10/06/2024,31.91666667,0,,,,
10007,17/06/2024,32.51666667,0,,,,
10007,24/06/2024,33.13333333,0,,,,
10007,01/07/2024,33.63333333,0,,,,
10007,08/07/2024,29.8,0,,,,
10007,15/07/2024,27.55,0,,,,
10007,22/07/2024,31.68333333,0,,,,
10007,29/07/2024,31.95,0,,,,
10007,05/08/2024,31.81666667,0,,,,
10007,12/08/2024,32.28333333,0,,,,
10007,19/08/2024,32,0.083333333,,,,
10007,26/08/2024,27.43333333,0,,,,
10007,02/09/2024,32.18333333,0,,,,
10007,09/09/2024,31.95,0,,,,
10007,16/09/2024,31.43333333,1.133333333,,,,
10007,23/09/2024,31.48333333,0,,,,
10007,30/09/2024,35.98333333,0.716666667,,,,
10007,07/10/2024,33.3,0.166666667,,,,
10007,14/10/2024,30.78333333,0,,,,
10007,21/10/2024,32.08333333,0,,,,
10007,28/10/2024,32.75,0.616666667,,,,
10007,04/11/2024,32.88333333,0,,,,
10007,11/11/2024,33.01666667,1.75,,,,
10007,18/11/2024,32.2,0,,,,
10007,25/11/2024,32.16666667,0,,,,
10007,02/12/2024,32.06666667,0,,,,
10007,09/12/2024,33.45,1.916666667,,,,
10007,16/12/2024,33.13333333,0,,,,
10007,23/12/2024,33.76666667,0,,,,
10007,30/12/2024,13.21666667,0,,,,
10029,03/06/2024,29.61666667,0,,,,
10029,10/06/2024,35.45,1.866666667,,,,
10029,17/06/2024,32.46666667,0,,,,
10029,24/06/2024,33.75,0,,,,
10029,01/07/2024,31.58333333,0,,,,
10029,08/07/2024,32.65,0,,,,
10029,15/07/2024,31.33333333,0,,,,
10029,22/07/2024,32.08333333,0,,,,
10029,29/07/2024,33.46666667,0,,,,
10029,05/08/2024,32.01666667,0,,,,
10029,12/08/2024,35.43333333,0,,,,
10029,19/08/2024,30.93333333,0,,,,
10029,26/08/2024,32.85,0,,,,
10029,02/09/2024,32.53333333,0,,,,
10029,09/09/2024,31.1,0,,,,
10029,16/09/2024,34.98333333,0,,,,
10029,23/09/2024,29.76666667,0,,,,
10029,30/09/2024,28.73333333,0,,,,
10029,07/10/2024,33.21666667,0.933333333,,,,
10029,14/10/2024,31.13333333,0,,,,
10029,21/10/2024,33.06666667,0,,,,
10029,28/10/2024,33.55,0.6,,,,
10029,04/11/2024,29.6,0,,,,
10029,11/11/2024,31.8,0,,,,
10029,18/11/2024,31.9,0,,,,
10029,25/11/2024,32.38333333,1.35,,,,
10029,02/12/2024,35.3,1.4,,,,
10029,09/12/2024,29.85,0,,,,
10029,16/12/2024,35.75,0,,,,
10029,23/12/2024,32.95,0,,,,
10029,30/12/2024,12.6,0,,,,
10009,03/06/2024,31.31666667,0,,,,
10009,10/06/2024,34.31666667,0,,,,
10009,17/06/2024,30.91666667,0.8,,,,
10009,24/06/2024,30.55,0,,,,
10009,01/07/2024,32.15,0,,,,
10009,08/07/2024,29.6,0,,,,
10009,15/07/2024,32.23333333,0,,,,
10009,22/07/2024,34.18333333,0,,,,
10009,29/07/2024,33.65,0,,,,
10009,05/08/2024,29.53333333,0,,,,
10009,12/08/2024,33.06666667,0,,,,
10009,19/08/2024,30.41666667,0,,,,
10009,26/08/2024,32.3,0,,,,
10009,02/09/2024,32.41666667,0,,,,
10009,09/09/2024,33.48333333,1.966666667,,,,
10009,16/09/2024,31.2,0,,,,
10009,23/09/2024,34.83333333,0,,,,
10009,30/09/2024,32.55,0,,,,
10009,07/10/2024,29.38333333,0,,,,
10009,14/10/2024,29.95,0,,,,
10009,21/10/2024,31.1,0,,,,
10009,28/10/2024,33.35,0,,,,
10009,04/11/2024,32.01666667,0,,,,
10009,11/11/2024,33.81666667,0,,,,
10009,18/11/2024,30.76666667,0,,,,
10009,25/11/2024,33.76666667,0,,,,
10009,02/12/2024,33.15,0,,,,
10009,09/12/2024,32.9,0,,,,
10009,16/12/2024,32.3,0,,,,
10009,23/12/2024,30.48333333,0,,,,
10009,30/12/2024,15.56666667,0.45,,,,
10022,03/06/2024,29.51666667,1.35,,,,
10022,10/06/2024,29.5,0,,,,
10022,17/06/2024,29.88333333,0,,,,
10022,24/06/2024,35.76666667,1.483333333,,,,
10022,01/07/2024,31.23333333,0,,,,
10022,08/07/2024,32.06666667,0,,,,
10022,15/07/2024,29.85,0,,,,
10022,22/07/2024,31.78333333,0,,,,
10022,29/07/2024,34.45,0,,,,
10022,05/08/2024,31.01666667,0,,,,
10022,12/08/2024,35.46666667,0.683333333,,,,
10022,19/08/2024,31.03333333,0,,,,
10022,26/08/2024,33.08333333,0,,,,
10022,02/09/2024,31.01666667,0,,,,
10022,09/09/2024,31.03333333,0,,,,
10022,16/09/2024,31.73333333,0,,,,
10022,23/09/2024,30.76666667,0,,,,
10022,30/09/2024,31.21666667,0,,,,
10022,07/10/2024,28.48333333,0,,,,
10022,14/10/2024,31.85,0,,,,
10022,21/10/2024,31.55,0,,,,
10022,28/10/2024,30.25,0,,,,
10022,04/11/2024,34.23333333,0,,,,
10022,11/11/2024,32.25,0,,,,
10022,18/11/2024,31.56666667,0,,,,
10022,25/11/2024,29.98333333,0,,,,
10022,02/12/2024,30.36666667,0,,,,
10022,09/12/2024,35,1.85,,,,
10022,16/12/2024,34.25,0.2,,,,
10022,23/12/2024,30.55,0.883333333,,,,
10022,30/12/2024,11.9,0,,,,
10021,03/06/2024,32.91666667,0,,,,
10021,10/06/2024,32.48333333,0,,,,
10021,17/06/2024,30.96666667,0,,,,
10021,24/06/2024,33.3,0,,,,
10021,01/07/2024,33.15,0,,,,
10021,08/07/2024,33.63333333,0,,,,
10021,15/07/2024,32.23333333,0,,,,
10021,22/07/2024,32.16666667,0,,,,
10021,29/07/2024,33.23333333,1.4,,,,
10021,05/08/2024,29.15,0,,,,
10021,12/08/2024,33.25,2.033333333,,,,
10021,19/08/2024,32.8,0,,,,
10021,26/08/2024,29.11666667,0,,,,
10021,02/09/2024,31.36666667,0,,,,
10021,09/09/2024,32.76666667,0,,,,
10021,16/09/2024,35.35,0,,,,
10021,23/09/2024,29.41666667,0,,,,
10021,30/09/2024,31.85,0,,,,
10021,07/10/2024,29.01666667,0,,,,
10021,14/10/2024,29.96666667,0,,,,
10021,21/10/2024,32.03333333,0,,,,
10021,28/10/2024,31.3,0,,,,
10021,04/11/2024,34.43333333,0,,,,
10021,11/11/2024,32.03333333,0,,,,
10021,18/11/2024,29.88333333,0,,,,
10021,25/11/2024,34.78333333,1.85,,,,
10021,02/12/2024,34.88333333,0,,,,
10021,09/12/2024,35.56666667,0.866666667,,,,
10021,16/12/2024,30.33333333,0,,,,
10021,23/12/2024,30.93333333,0,,,,
10021,30/12/2024,12.23333333,0,,,,
10002,03/06/2024,29.36666667,0,,,,
10002,10/06/2024,36.03333333,1.666666667,,,,
10002,17/06/2024,31.35,0,,,,
10002,24/06/2024,33.53333333,0,,,,
10002,01/07/2024,29.95,0,,,,
10002,08/07/2024,31.03333333,0,,,,
10002,15/07/2024,29.38333333,0,,,,
10002,22/07/2024,30.48333333,0,,,,
10002,29/07/2024,28.66666667,0,,,,
10002,05/08/2024,30.61666667,0,,,,
10002,12/08/2024,31.11666667,0,,,,
10002,19/08/2024,36.7,1.066666667,,,,
10002,26/08/2024,30.95,0,,,,
10002,02/09/2024,30.13333333,0,,,,
10002,09/09/2024,31.1,0,,,,
10002,16/09/2024,32.38333333,0,,,,
10002,23/09/2024,28.96666667,0,,,,
10002,30/09/2024,32.86666667,0,,,,
10002,07/10/2024,33.78333333,0,,,,
10002,14/10/2024,31.75,0,,,,
10002,21/10/2024,31.43333333,0,,,,
10002,28/10/2024,32.43333333,0,,,,
10002,04/11/2024,32.8,0,,,,
10002,11/11/2024,30.91666667,0,,,,
10002,18/11/2024,35.8,1.533333333,,,,
10002,25/11/2024,30.8,0,,,,
10002,02/12/2024,31.06666667,0,,,,
10002,09/12/2024,30.66666667,0,,,,
10002,16/12/2024,29.83333333,0,,,,
10002,23/12/2024,30.3,0,,,,
10002,30/12/2024,12.63333333,0,,,,
10024,03/06/2024,32.88333333,0,,,,
10024,10/06/2024,28.55,0,,,,
10024,17/06/2024,34.68333333,0,,,,
10024,24/06/2024,36.21666667,0,,,,
10024,01/07/2024,33.05,0,,,,
10024,08/07/2024,31.08333333,0,,,,
10024,15/07/2024,32.68333333,0,,,,
10024,22/07/2024,29.45,0,,,,
10024,29/07/2024,32.4,0,,,,
10024,05/08/2024,28.23333333,0,,,,
10024,12/08/2024,30.35,0,,,,
10024,19/08/2024,31.83333333,0,,,,
10024,26/08/2024,31.5,0,,,,
10024,02/09/2024,32.03333333,0,,,,
10024,09/09/2024,32.28333333,0,,,,
10024,16/09/2024,33.73333333,0,,,,
10024,23/09/2024,35.86666667,1.683333333,,,,
10024,30/09/2024,33.55,0.666666667,,,,
10024,07/10/2024,33.1,0,,,,
10024,14/10/2024,31.51666667,0.083333333,,,,
10024,21/10/2024,29.68333333,0,,,,
10024,28/10/2024,34.9,0.35,,,,
10024,04/11/2024,32.1,0,,,,
10024,11/11/2024,34.45,0.45,,,,
10024,18/11/2024,31.05,0,,,,
10024,25/11/2024,31.56666667,0,,,,
10024,02/12/2024,31.46666667,0.483333333,,,,
10024,09/12/2024,32.9,1.4,,,,
10024,16/12/2024,29.26666667,0,,,,
10024,23/12/2024,31.88333333,0,,,,
10024,30/12/2024,12.98333333,0,,,,
10001,03/06/2024,30.98333333,0,,,,
10001,10/06/2024,33.85,0,,,,
10001,17/06/2024,34.23333333,0,,,,
10001,24/06/2024,32.58333333,0,,,,
10001,01/07/2024,33.71666667,0,,,,
10001,08/07/2024,32.9,0,,,,
10001,15/07/2024,28.63333333,0,,,,
10001,22/07/2024,30.58333333,0,,,,
10001,29/07/2024,33.25,0,,,,
10001,05/08/2024,33.68333333,1.316666667,,,,
10001,12/08/2024,32.06666667,0,,,,
10001,19/08/2024,32.66666667,0,,,,
10001,26/08/2024,33.46666667,1,,,,
10001,02/09/2024,32.6,1.816666667,,,,
10001,09/09/2024,30.58333333,0,,,,
10001,16/09/2024,33.61666667,0,,,,
10001,23/09/2024,32.96666667,0,,,,
10001,30/09/2024,34.78333333,0,,,,
10001,07/10/2024,32.08333333,0,,,,
10001,14/10/2024,30.95,0,,,,
10001,21/10/2024,30.05,0,,,,
10001,28/10/2024,32.53333333,0,,,,
10001,04/11/2024,30.8,0,,,,
10001,11/11/2024,30.15,0,,,,
10001,18/11/2024,31.13333333,0,,,,
10001,25/11/2024,31.28333333,0,,,,
10001,02/12/2024,32.08333333,1.85,,,,
10001,09/12/2024,31.51666667,0,,,,
10001,16/12/2024,33.78333333,1.583333333,,,,
10001,23/12/2024,32.56666667,0,,,,
10001,30/12/2024,13.06666667,0,,,,
10023,03/06/2024,28.3,0,,,,
10023,10/06/2024,30.08333333,0,,,,
10023,17/06/2024,30.3,0,,,,
10023,24/06/2024,31.25,0,,,,
10023,01/07/2024,29.48333333,0,,,,
10023,08/07/2024,30.36666667,0,,,,
10023,15/07/2024,33.26666667,0,,,,
10023,22/07/2024,34.11666667,0,,,,
10023,29/07/2024,32.45,0,,,,
10023,05/08/2024,33.71666667,0,,,,
10023,12/08/2024,31.71666667,0,,,,
10023,19/08/2024,31.7,0,,,,
10023,26/08/2024,30.33333333,0,,,,
10023,02/09/2024,31.95,0,,,,
10023,09/09/2024,32.15,0,,,,
10023,16/09/2024,32.51666667,0,,,,
10023,23/09/2024,29.66666667,0,,,,
10023,30/09/2024,32.5,0,,,,
10023,07/10/2024,34.66666667,0,,,,
10023,14/10/2024,34.76666667,0,,,,
10023,21/10/2024,33.48333333,0,,,,
10023,28/10/2024,31.86666667,0,,,,
10023,04/11/2024,35.05,0,,,,
10023,11/11/2024,32.51666667,0,,,,
10023,18/11/2024,33.45,0.333333333,,,,
10023,25/11/2024,31.73333333,0,,,,
10023,02/12/2024,33.31666667,0.55,,,,
10023,09/12/2024,34.7,0,,,,
10023,16/12/2024,32.31666667,0,,,,
10023,23/12/2024,34.66666667,0,,,,
10023,30/12/2024,12.61666667,0,,,,
10004,03/06/2024,30.85,0,,,,
10004,10/06/2024,31.75,0,,,,
10004,17/06/2024,30.95,0,,,,
10004,24/06/2024,34.71666667,0,,,,
10004,01/07/2024,32.75,0.316666667,,,,
10004,08/07/2024,32.83333333,0,,,,
10004,15/07/2024,31.75,0,,,,
10004,22/07/2024,31.6,0.65,,,,
10004,29/07/2024,30.63333333,0,,,,
10004,05/08/2024,31.13333333,0,,,,
10004,12/08/2024,33.31666667,0,,,,
10004,19/08/2024,31.06666667,0,,,,
10004,26/08/2024,30.93333333,0,,,,
10004,02/09/2024,33.93333333,0,,,,
10004,09/09/2024,32.48333333,0,,,,
10004,16/09/2024,33.1,0,,,,
10004,23/09/2024,31.61666667,0,,,,
10004,30/09/2024,31.86666667,0,,,,
10004,07/10/2024,32.11666667,0,,,,
10004,14/10/2024,32.33333333,1.55,,,,
10004,21/10/2024,29.68333333,0,,,,
10004,28/10/2024,31.75,0,,,,
10004,04/11/2024,31.78333333,0,,,,
10004,11/11/2024,32.53333333,0,,,,
10004,18/11/2024,31.15,0,,,,
10004,25/11/2024,33.11666667,0,,,,
10004,02/12/2024,30.03333333,0,,,,
10004,09/12/2024,31.68333333,0,,,,
10004,16/12/2024,30.6,0,,,,
10004,23/12/2024,31.71666667,0,,,,
10004,30/12/2024,11.91666667,0,,,,
10026,03/06/2024,35.21666667,0.683333333,,,,
10026,10/06/2024,34.45,0.033333333,,,,
10026,17/06/2024,34.98333333,1,,,,
10026,24/06/2024,32.41666667,0,,,,
10026,01/07/2024,33.05,0,,,,
10026,08/07/2024,31.15,0,,,,
10026,15/07/2024,32.66666667,0,,,,
10026,22/07/2024,30.61666667,0,,,,
10026,29/07/2024,31.56666667,0,,,,
10026,05/08/2024,28.85,0,,,,
10026,12/08/2024,30.43333333,0,,,,
10026,19/08/2024,29.1,0,,,,
10026,26/08/2024,31.8,0,,,,
10026,02/09/2024,32.93333333,0,,,,
10026,09/09/2024,35.7,0,,,,
10026,16/09/2024,31.91666667,0,,,,
10026,23/09/2024,30.71666667,0,,,,
10026,30/09/2024,28.68333333,0,,,,
10026,07/10/2024,34.13333333,0,,,,
10026,14/10/2024,32.55,0,,,,
10026,21/10/2024,32.06666667,0,,,,
10026,28/10/2024,30.66666667,0,,,,
10026,04/11/2024,33.76666667,0,,,,
10026,11/11/2024,30.33333333,0,,,,
10026,18/11/2024,31.21666667,0,,,,
10026,25/11/2024,29.75,0,,,,
10026,02/12/2024,31.36666667,0,,,,
10026,09/12/2024,33.11666667,1.25,,,,
10026,16/12/2024,33.4,0,,,,
10026,23/12/2024,33.5,0,,,,
10026,30/12/2024,13.58333333,0,,,,
10003,03/06/2024,29.03333333,0,,,,
10003,10/06/2024,31.38333333,0,,,,
10003,17/06/2024,30.63333333,0,,,,
10003,24/06/2024,29.2,0,,,,
10003,01/07/2024,34.05,0,,,,
10003,08/07/2024,33.88333333,0,,,,
10003,15/07/2024,31.23333333,0,,,,
10003,22/07/2024,31.01666667,0,,,,
10003,29/07/2024,31.8,0,,,,
10003,05/08/2024,30.25,0.666666667,,,,
10003,12/08/2024,33.7,0,,,,
10003,19/08/2024,33.58333333,0,,,,
10003,26/08/2024,32.66666667,0,,,,
10003,02/09/2024,28,0,,,,
10003,09/09/2024,32.25,0,,,,
10003,16/09/2024,32.1,0.366666667,,,,
10003,23/09/2024,31.2,0,,,,
10003,30/09/2024,31.46666667,0,,,,
10003,07/10/2024,31.4,0,,,,
10003,14/10/2024,31.93333333,0,,,,
10003,21/10/2024,34.68333333,0,,,,
10003,28/10/2024,28.86666667,0,,,,
10003,04/11/2024,28.45,0,,,,
10003,11/11/2024,31.33333333,0,,,,
10003,18/11/2024,33.38333333,0,,,,
10003,25/11/2024,30.38333333,0,,,,
10003,02/12/2024,34.43333333,0,,,,
10003,09/12/2024,34.75,0,,,,
10003,16/12/2024,32.23333333,0,,,,
10003,23/12/2024,32.83333333,0,,,,
10003,30/12/2024,11.96666667,0,,,,
10025,03/06/2024,29.03333333,0,,,,
10025,10/06/2024,35,0,,,,
10025,17/06/2024,32,0,,,,
10025,24/06/2024,31.03333333,0,,,,
10025,01/07/2024,31.21666667,0,,,,
10025,08/07/2024,28.71666667,0,,,,
10025,15/07/2024,29.58333333,0,,,,
10025,22/07/2024,30.7,0,,,,
10025,29/07/2024,36.1,1.233333333,,,,
10025,05/08/2024,30.5,0,,,,
10025,12/08/2024,30.88333333,0,,,,
10025,19/08/2024,35.38333333,0,,,,
10025,26/08/2024,33.78333333,1.8,,,,
10025,02/09/2024,28.85,0,,,,
10025,09/09/2024,29.78333333,0,,,,
10025,16/09/2024,32.11666667,0,,,,
10025,23/09/2024,30.86666667,0,,,,
10025,30/09/2024,32.65,0,,,,
10025,07/10/2024,30.95,0,,,,
10025,14/10/2024,30.93333333,0,,,,
10025,21/10/2024,32.35,0,,,,
10025,28/10/2024,32.65,0.733333333,,,,
10025,04/11/2024,26.55,0,,,,
10025,11/11/2024,30.16666667,0,,,,
10025,18/11/2024,31.35,0,,,,
10025,25/11/2024,34.58333333,0.416666667,,,,
10025,02/12/2024,32.95,0,,,,
10025,09/12/2024,28.76666667,0,,,,
10025,16/12/2024,31.55,0,,,,
10025,23/12/2024,29.95,0,,,,
10025,30/12/2024,14.76666667,0,,,,
10006,03/06/2024,33.4,0,,,,
10006,10/06/2024,32.11666667,0,,,,
10006,17/06/2024,30.9,0,,,,
10006,24/06/2024,31.95,0,,,,
10006,01/07/2024,34.13333333,0,,,,
10006,08/07/2024,32.71666667,0,,,,
10006,15/07/2024,32.38333333,0,,,,
10006,22/07/2024,30.65,0,,,,
10006,29/07/2024,30.75,0,,,,
10006,05/08/2024,29.25,0,,,,
10006,12/08/2024,31.26666667,0,,,,
10006,19/08/2024,31.18333333,0,,,,
10006,26/08/2024,31.9,0,,,,
10006,02/09/2024,32.1,0,,,,
10006,09/09/2024,32.56666667,0,,,,
10006,16/09/2024,32.2,0,,,,
10006,23/09/2024,29.7,0,,,,
10006,30/09/2024,33.45,0,,,,
10006,07/10/2024,30.51666667,0,,,,
10006,14/10/2024,31.21666667,0,,,,
10006,21/10/2024,32.4,0,,,,
10006,28/10/2024,28.71666667,0,,,,
10006,04/11/2024,27.56666667,0,,,,
10006,11/11/2024,32.73333333,1.183333333,,,,
10006,18/11/2024,32.26666667,0,,,,
10006,25/11/2024,30.28333333,0,,,,
10006,02/12/2024,33.65,0,,,,
10006,09/12/2024,32.88333333,0,,,,
10006,16/12/2024,32.65,0,,,,
10006,23/12/2024,31.53333333,0,,,,
10006,30/12/2024,13.81666667,0,,,,
10028,03/06/2024,34.3,0.766666667,,,,
10028,10/06/2024,32.4,1.95,,,,
10028,17/06/2024,31.05,0,,,,
10028,24/06/2024,31.68333333,0,,,,
10028,01/07/2024,31.25,0,,,,
10028,08/07/2024,30.01666667,0,,,,
10028,15/07/2024,33.35,0.866666667,,,,
10028,22/07/2024,34.93333333,1.116666667,,,,
10028,29/07/2024,31.56666667,0,,,,
10028,05/08/2024,32.15,0,,,,
10028,12/08/2024,28.51666667,0,,,,
10028,19/08/2024,29.03333333,0,,,,
10028,26/08/2024,31.5,0,,,,
10028,02/09/2024,31.16666667,0,,,,
10028,09/09/2024,32.28333333,0,,,,
10028,16/09/2024,32.2,0,,,,
10028,23/09/2024,31.18333333,0,,,,
10028,30/09/2024,31.11666667,0,,,,
10028,07/10/2024,33.18333333,0,,,,
10028,14/10/2024,27.55,0,,,,
10028,21/10/2024,29.95,0,,,,
10028,28/10/2024,31.21666667,0,,,,
10028,04/11/2024,31.61666667,0,,,,
10028,11/11/2024,32.78333333,0,,,,
10028,18/11/2024,31.2,0,,,,
10028,25/11/2024,32.05,0,,,,
10028,02/12/2024,27.4,0,,,,
10028,09/12/2024,34.43333333,1.883333333,,,,
10028,16/12/2024,31.28333333,0,,,,
10028,23/12/2024,33.15,0,,,,
10028,30/12/2024,12.11666667,0,,,,
10005,03/06/2024,32.15,0,,,,
10005,10/06/2024,32.56666667,1.066666667,,,,
10005,17/06/2024,31.13333333,0,,,,
10005,24/06/2024,29.68333333,0,,,,
10005,01/07/2024,31.4,0,,,,
10005,08/07/2024,33.28333333,1.95,,,,
10005,15/07/2024,30.93333333,0,,,,
10005,22/07/2024,29.98333333,0,,,,
10005,29/07/2024,32.21666667,0,,,,
10005,05/08/2024,30.53333333,0,,,,
10005,12/08/2024,28.23333333,0,,,,
10005,19/08/2024,35.15,0.833333333,,,,
10005,26/08/2024,32.66666667,1.55,,,,
10005,02/09/2024,30.75,0,,,,
10005,09/09/2024,34.93333333,0,,,,
10005,16/09/2024,32.31666667,0,,,,
10005,23/09/2024,29.66666667,0,,,,
10005,30/09/2024,33.46666667,0,,,,
10005,07/10/2024,32,0,,,,
10005,14/10/2024,30.16666667,0,,,,
10005,21/10/2024,31.66666667,0,,,,
10005,28/10/2024,32.15,0,,,,
10005,04/11/2024,31.8,0,,,,
10005,11/11/2024,29.01666667,0,,,,
10005,18/11/2024,29.96666667,0,,,,
10005,25/11/2024,28.51666667,0,,,,
10005,02/12/2024,33.26666667,1.35,,,,
10005,09/12/2024,34.38333333,0,,,,
10005,16/12/2024,29.96666667,0,,,,
10005,23/12/2024,33.73333333,0,,,,
10005,30/12/2024,10.41666667,0,,,,
10027,03/06/2024,32.56666667,0,,,,
10027,10/06/2024,31.18333333,0,,,,
10027,17/06/2024,31.46666667,0,,,,
10027,24/06/2024,34.48333333,1.083333333,,,,
10027,01/07/2024,31.05,0,,,,
10027,08/07/2024,30.88333333,0,,,,
10027,15/07/2024,29.66666667,0,,,,
10027,22/07/2024,31.2,0,,,,
10027,29/07/2024,31.5,0,,,,
10027,05/08/2024,31.9,0,,,,
10027,12/08/2024,32.76666667,0,,,,
10027,19/08/2024,31.93333333,0,,,,
10027,26/08/2024,29.93333333,0,,,,
10027,02/09/2024,28.91666667,0,,,,
10027,09/09/2024,33.45,0,,,,
10027,16/09/2024,32.78333333,0,,,,
10027,23/09/2024,31.08333333,0,,,,
10027,30/09/2024,32.55,0,,,,
10027,07/10/2024,33.58333333,1.2,,,,
10027,14/10/2024,32.86666667,0,,,,
10027,21/10/2024,34.71666667,0,,,,
10027,28/10/2024,33.41666667,1.316666667,,,,
10027,04/11/2024,34.01666667,0.6,,,,
10027,11/11/2024,29.68333333,0,,,,
10027,18/11/2024,29.81666667,0,,,,
10027,25/11/2024,29.53333333,0,,,,
10027,02/12/2024,30.13333333,0,,,,
10027,09/12/2024,32.28333333,0,,,,
10027,16/12/2024,29.65,0,,,,
10027,23/12/2024,29.95,0,,,,
10027,30/12/2024,13.06666667,"0""10001""",Garcia Manuel III,03/06/2024,09/06/2024,30.98
,,,,,,,
,,,,,,,
